{
	"results":[
		{

},{
    "request": {
        "ann_result": {
            "ann_ids": [
                625767,
                534213,
                738763,
                582766,
                471273,
                92764,
                603012,
                41987,
                552429,
                129470,
                122798,
                52595,
                556256,
                725238,
                545181
            ],
            "distances": [
                4231.13134765625,
                4381.884765625,
                4609.4033203125,
                4989.06591796875,
                4989.13037109375,
                4997.25537109375,
                5072.34375,
                5159.4189453125,
                5217.3994140625,
                5245.09228515625,
                5299.240234375,
                5354.83251953125,
                5361.77734375,
                5394.013671875,
                5397.00537109375
            ]
        },
        "calc_time_seconds": 0.5849489999999999,
        "image_indexes": [
            "30",
            "0",
            "0",
            "3",
            "0",
            "0",
            "26",
            "59",
            "0",
            "2",
            "0",
            "0",
            "7",
            "8",
            "28"
        ],
        "inc_result": {
            "brotaufstrich": 0.019175656139850616,
            "butter": 0.016306981444358826,
            "dip": 0.030566377565264702,
            "dressing": 0.06339380145072937,
            "honig_senf": 0.04851475730538368,
            "knoblauch": 0.040011338889598846,
            "limetten": 0.025285761803388596,
            "mousse_au_chocolat": 0.013836730271577835,
            "pesto": 0.03089802898466587,
            "pudding": 0.014538460411131382,
            "salat": 0.014992780983448029,
            "salatdressing": 0.021892812103033066,
            "sauce": 0.015792038291692734,
            "suppe": 0.01416666992008686,
            "torte": 0.01676088199019432
        },
        "result_food_ids": [
            "563541154614076",
            "2813151433316961",
            "141661061038245",
            "1649071272548060",
            "2214101354709395",
            "2488121391285954",
            "372611122991708",
            "478851141885747",
            "1424141247219008",
            "863641191920744",
            "708521173447737",
            "1632601270841438",
            "207971087054343",
            "386251125240930",
            "1716501280398923"
        ],
        "time_stamp": "2018-11-09T21:25:53.730388Z"
    }
}]}